Minute	AS1	AS2	AS3	AS4	AS5	AS6	AS7	AS8	AS9	AS10	AS11	AS12	AS13	AS14	AS15	AS16	AS17	AS18	AS19	AS20
0	40	0	0	0	0	0	0	0	0	0	0	0	0	0	0	0	0	0	0	0	1
10	6600	40	0	0	0	0	0	0	0	0	0	0	0	0	0	0	0	0	0	0	1	2
20	7760	3200	40	0	0	0	0	0	0	0	0	0	0	0	0	0	0	0	0	0	1	2	3
30	1560	7040	1360	240	0	0	0	0	0	0	0	0	0	0	0	0	0	0	0	0	2	1	3	4
40	4240	4840	4240	2400	120	0	0	0	0	0	0	0	0	0	0	0	0	0	0	0	2	1	3	4	5
50	8640	1120	5680	4600	1640	40	0	0	0	0	0	0	0	0	0	0	0	0	0	0	1	3	4	5	2	6
60	6600	6040	3480	5200	3120	680	120	40	0	0	0	0	0	0	0	0	0	0	0	0	1	2	4	3	5	6	7	8
70	5640	7080	2320	2680	4400	2280	720	160	40	0	0	0	0	0	0	0	0	0	0	0	2	1	5	4	3	6	7	8	9
80	320	6360	5440	3040	4000	3400	2120	840	400	40	0	0	0	0	0	0	0	0	0	0	2	3	5	6	4	7	8	9	1	10
90	0	4880	6360	5680	2600	3680	2840	1840	1400	400	40	40	0	0	0	0	0	0	0	0	3	4	2	6	7	5	8	9	10	11	12
100	0	720	5000	5560	3480	3400	3400	2520	2040	1120	400	120	40	0	0	0	0	0	0	0	4	3	5	6	7	8	9	10	2	11	12	13
110	0	80	5240	4920	5480	2480	3560	3080	2840	1640	960	280	160	40	40	0	0	0	0	0	5	3	4	7	8	9	6	10	11	12	13	2	14	15
120	0	0	1760	4680	4640	3520	2640	3240	3040	2400	1440	1160	240	160	0	40	0	0	0	0	4	5	6	8	9	7	10	3	11	12	13	14	16
130	0	0	400	1760	4600	5040	3240	2680	3160	2720	2080	1360	1000	240	280	80	40	40	0	0	6	5	7	9	10	8	11	4	12	13	3	15	14	16	17	18
140	0	0	40	480	4120	4000	4040	2760	2400	2720	2560	2040	1400	760	160	320	80	0	40	40	5	7	6	8	10	11	9	12	13	14	4	16	15	17	3	19	20
150	0	0	40	80	2000	4160	4040	3600	3200	3040	2480	2360	1560	1280	960	440	280	160	40	0	6	7	8	9	10	11	12	5	13	14	15	16	17	18	4	3	19
160	0	0	0	80	840	3680	3840	4200	3880	2320	3000	2400	2200	1280	1280	1000	280	240	240	80	8	9	7	6	11	12	10	13	14	15	16	5	17	18	19	4	20
170	0	0	0	0	200	2920	3840	3640	3400	3000	2160	2960	2120	1840	1320	1000	920	320	120	280	7	8	9	10	12	6	11	13	14	15	16	17	18	20	5	19
180	0	0	0	0	80	1160	3240	3520	3640	3880	2720	2080	2520	1960	1720	1520	1160	800	760	120	10	9	8	7	11	13	12	14	15	16	6	17	18	19	20	5
190	0	0	0	0	80	600	1920	3120	3560	3440	3160	2560	2480	2080	1840	1880	1200	1160	840	680	9	10	11	8	12	13	14	7	16	15	17	18	19	20	6	5
200	0	0	0	0	0	160	1000	2880	2800	3080	3320	2720	2000	2520	2080	1680	1600	1080	880	840	11	10	8	9	12	14	15	13	16	17	18	7	19	20	6
210	0	0	0	0	0	120	400	1520	2600	3200	3480	3360	2640	2280	2440	2200	1520	1480	1400	800	11	12	10	13	9	15	14	16	8	17	18	19	20	7	6
220	0	0	0	0	0	40	200	920	1320	2560	2760	3120	3160	2160	2240	2320	1800	1400	1480	1400	13	12	11	10	16	15	14	17	19	18	20	9	8	7	6
230	0	0	0	0	0	40	160	360	760	2400	2720	2800	2720	2480	2120	2080	2200	1720	1440	1320	12	11	13	14	10	17	15	16	18	19	20	9	8	7	6
240	0	0	0	0	0	0	0	200	440	1480	2480	2880	3200	2840	2240	2160	2120	2120	1760	1280	13	12	14	11	15	16	17	18	19	10	20	9	8
250	0	0	0	0	0	0	40	200	200	640	2000	2320	2200	2760	2840	2360	1920	1960	1960	1880	15	14	16	12	13	11	18	19	17	20	10	8	9	7
260	0	0	0	0	0	0	40	0	120	680	1520	2160	2920	2880	2480	2560	2040	1920	2120	1840	13	14	16	15	12	19	17	18	20	11	10	9	7
270	0	0	0	0	0	0	0	40	80	240	560	1760	2080	2000	2960	2400	2120	2200	1840	1760	15	16	18	17	13	14	19	12	20	11	10	9	8
280	0	0	0	0	0	0	0	0	40	120	760	1040	1960	2720	1800	2840	2600	1800	2000	1840	16	14	17	19	13	20	15	18	12	11	10	9
290	0	0	0	0	0	0	0	40	0	160	320	520	1600	1600	2800	1880	2480	2320	2000	2080	15	17	18	20	19	16	13	14	12	11	10	8
300	0	0	0	0	0	0	0	0	40	40	200	600	1120	2120	1800	2400	2600	2280	2160	1840	17	16	18	19	14	20	15	13	12	11	9	10
310	0	0	0	0	0	0	0	0	0	40	80	280	520	1640	2000	1960	1720	2520	2280	1880	18	19	15	16	20	17	14	13	12	11	10
320	0	0	0	0	0	0	0	0	0	0	120	200	640	1280	1520	1880	2160	2000	2600	1920	19	17	18	20	16	15	14	13	12	11
330	0	0	0	0	0	0	0	0	0	40	0	80	280	680	1280	1720	2160	1800	1720	2560	20	17	18	16	19	15	14	13	12	10
340	0	0	0	0	0	0	0	0	0	0	40	120	200	400	1040	1200	1360	2200	1720	2200	18	20	19	17	16	15	14	13	12	11
350	0	0	0	0	0	0	0	0	0	0	0	0	160	480	560	1080	1720	1640	2280	1680	19	17	20	18	16	15	14	13
360	0	0	0	0	0	0	0	0	0	0	0	0	80	360	320	680	1440	1480	1520	1760	20	19	18	17	16	14	15	13
370	0	0	0	0	0	0	0	0	0	0	40	40	120	200	520	280	1040	1560	1400	2160	20	18	19	17	15	16	14	13	11	12
380	0	0	0	0	0	0	0	0	0	0	0	0	0	80	280	520	800	1320	1520	1160	19	18	20	17	16	15	14
390	0	0	0	0	0	0	0	0	0	0	0	40	0	80	120	280	440	800	1320	1520	20	19	18	17	16	15	14	12
400	0	0	0	0	0	0	0	0	0	0	0	0	40	120	80	200	280	920	880	1320	20	18	19	17	16	14	15	13
410	0	0	0	0	0	0	0	0	0	0	0	0	0	0	80	120	440	480	680	1200	20	19	18	17	16	15
420	0	0	0	0	0	0	0	0	0	0	0	0	0	0	80	40	240	240	680	880	20	19	17	18	15	16
430	0	0	0	0	0	0	0	0	0	0	0	0	40	40	40	80	200	520	200	640	20	18	17	19	16	13	14	15
440	0	0	0	0	0	0	0	0	0	0	0	0	0	0	0	120	120	200	560	520	19	20	18	16	17
450	0	0	0	0	0	0	0	0	0	0	0	0	0	0	40	0	40	240	120	360	20	18	19	15	17
460	0	0	0	0	0	0	0	0	0	0	0	0	0	0	0	0	80	120	280	320	20	19	18	17
470	0	0	0	0	0	0	0	0	0	0	0	0	0	40	0	40	80	40	120	360	20	19	17	14	16	18
480	0	0	0	0	0	0	0	0	0	0	0	0	0	0	0	0	40	80	80	200	20	18	19	17
