Mile,Minute,Runners
0,0,0
1,0,0
2,0,0
3,0,0
4,0,0
5,0,0
6,0,0
7,0,0
8,0,0
9,0,0
10,0,0
11,0,0
12,0,0
13,0,0
14,0,0
15,0,0
16,0,0
17,0,0
18,0,0
19,0,0
20,0,0
21,0,0
22,0,0
23,0,0
24,0,0
25,0,0
0,2,1380
1,2,0
2,2,0
3,2,0
4,2,0
5,2,0
6,2,0
7,2,0
8,2,0
9,2,0
10,2,0
11,2,0
12,2,0
13,2,0
14,2,0
15,2,0
16,2,0
17,2,0
18,2,0
19,2,0
20,2,0
21,2,0
22,2,0
23,2,0
24,2,0
25,2,0
0,4,2840
1,4,0
2,4,0
3,4,0
4,4,0
5,4,0
6,4,0
7,4,0
8,4,0
9,4,0
10,4,0
11,4,0
12,4,0
13,4,0
14,4,0
15,4,0
16,4,0
17,4,0
18,4,0
19,4,0
20,4,0
21,4,0
22,4,0
23,4,0
24,4,0
25,4,0
0,6,4230
1,6,60
2,6,0
3,6,0
4,6,0
5,6,0
6,6,0
7,6,0
8,6,0
9,6,0
10,6,0
11,6,0
12,6,0
13,6,0
14,6,0
15,6,0
16,6,0
17,6,0
18,6,0
19,6,0
20,6,0
21,6,0
22,6,0
23,6,0
24,6,0
25,6,0
0,8,3250
1,8,1040
2,8,0
3,8,0
4,8,0
5,8,0
6,8,0
7,8,0
8,8,0
9,8,0
10,8,0
11,8,0
12,8,0
13,8,0
14,8,0
15,8,0
16,8,0
17,8,0
18,8,0
19,8,0
20,8,0
21,8,0
22,8,0
23,8,0
24,8,0
25,8,0
0,10,4490
1,10,1950
2,10,0
3,10,0
4,10,0
5,10,0
6,10,0
7,10,0
8,10,0
9,10,0
10,10,0
11,10,0
12,10,0
13,10,0
14,10,0
15,10,0
16,10,0
17,10,0
18,10,0
19,10,0
20,10,0
21,10,0
22,10,0
23,10,0
24,10,0
25,10,0
0,12,3080
1,12,3300
2,12,60
3,12,0
4,12,0
5,12,0
6,12,0
7,12,0
8,12,0
9,12,0
10,12,0
11,12,0
12,12,0
13,12,0
14,12,0
15,12,0
16,12,0
17,12,0
18,12,0
19,12,0
20,12,0
21,12,0
22,12,0
23,12,0
24,12,0
25,12,0
0,14,3400
1,14,3620
2,14,570
3,14,0
4,14,0
5,14,0
6,14,0
7,14,0
8,14,0
9,14,0
10,14,0
11,14,0
12,14,0
13,14,0
14,14,0
15,14,0
16,14,0
17,14,0
18,14,0
19,14,0
20,14,0
21,14,0
22,14,0
23,14,0
24,14,0
25,14,0
0,16,5160
1,16,3600
2,16,1120
3,16,10
4,16,0
5,16,0
6,16,0
7,16,0
8,16,0
9,16,0
10,16,0
11,16,0
12,16,0
13,16,0
14,16,0
15,16,0
16,16,0
17,16,0
18,16,0
19,16,0
20,16,0
21,16,0
22,16,0
23,16,0
24,16,0
25,16,0
0,18,3910
1,18,4060
2,18,1860
3,18,60
4,18,0
5,18,0
6,18,0
7,18,0
8,18,0
9,18,0
10,18,0
11,18,0
12,18,0
13,18,0
14,18,0
15,18,0
16,18,0
17,18,0
18,18,0
19,18,0
20,18,0
21,18,0
22,18,0
23,18,0
24,18,0
25,18,0
0,20,3440
1,20,3330
2,20,2740
3,20,380
4,20,0
5,20,0
6,20,0
7,20,0
8,20,0
9,20,0
10,20,0
11,20,0
12,20,0
13,20,0
14,20,0
15,20,0
16,20,0
17,20,0
18,20,0
19,20,0
20,20,0
21,20,0
22,20,0
23,20,0
24,20,0
25,20,0
0,22,2480
1,22,3530
2,22,3150
3,22,720
4,22,10
5,22,0
6,22,0
7,22,0
8,22,0
9,22,0
10,22,0
11,22,0
12,22,0
13,22,0
14,22,0
15,22,0
16,22,0
17,22,0
18,22,0
19,22,0
20,22,0
21,22,0
22,22,0
23,22,0
24,22,0
25,22,0
0,24,750
1,24,4580
2,24,3310
3,24,1190
4,24,60
5,24,0
6,24,0
7,24,0
8,24,0
9,24,0
10,24,0
11,24,0
12,24,0
13,24,0
14,24,0
15,24,0
16,24,0
17,24,0
18,24,0
19,24,0
20,24,0
21,24,0
22,24,0
23,24,0
24,24,0
25,24,0
0,26,60
1,26,4500
2,26,3330
3,26,1760
4,26,240
5,26,0
6,26,0
7,26,0
8,26,0
9,26,0
10,26,0
11,26,0
12,26,0
13,26,0
14,26,0
15,26,0
16,26,0
17,26,0
18,26,0
19,26,0
20,26,0
21,26,0
22,26,0
23,26,0
24,26,0
25,26,0
0,28,0
1,28,3860
2,28,3200
3,28,2260
4,28,560
5,28,0
6,28,0
7,28,0
8,28,0
9,28,0
10,28,0
11,28,0
12,28,0
13,28,0
14,28,0
15,28,0
16,28,0
17,28,0
18,28,0
19,28,0
20,28,0
21,28,0
22,28,0
23,28,0
24,28,0
25,28,0
0,30,0
1,30,3100
2,30,3170
3,30,2690
4,30,870
5,30,0
6,30,0
7,30,0
8,30,0
9,30,0
10,30,0
11,30,0
12,30,0
13,30,0
14,30,0
15,30,0
16,30,0
17,30,0
18,30,0
19,30,0
20,30,0
21,30,0
22,30,0
23,30,0
24,30,0
25,30,0
0,32,1730
1,32,1860
2,32,3640
3,32,2990
4,32,1190
5,32,0
6,32,0
7,32,0
8,32,0
9,32,0
10,32,0
11,32,0
12,32,0
13,32,0
14,32,0
15,32,0
16,32,0
17,32,0
18,32,0
19,32,0
20,32,0
21,32,0
22,32,0
23,32,0
24,32,0
25,32,0
0,34,1730
1,34,820
2,34,4080
3,34,2950
4,34,1560
5,34,0
6,34,0
7,34,0
8,34,0
9,34,0
10,34,0
11,34,0
12,34,0
13,34,0
14,34,0
15,34,0
16,34,0
17,34,0
18,34,0
19,34,0
20,34,0
21,34,0
22,34,0
23,34,0
24,34,0
25,34,0
0,36,3430
1,36,290
2,36,3990
3,36,2950
4,36,1910
5,36,0
6,36,0
7,36,0
8,36,0
9,36,0
10,36,0
11,36,0
12,36,0
13,36,0
14,36,0
15,36,0
16,36,0
17,36,0
18,36,0
19,36,0
20,36,0
21,36,0
22,36,0
23,36,0
24,36,0
25,36,0
0,38,5100
1,38,110
2,38,3470
3,38,2920
4,38,2340
5,38,0
6,38,0
7,38,0
8,38,0
9,38,0
10,38,0
11,38,0
12,38,0
13,38,0
14,38,0
15,38,0
16,38,0
17,38,0
18,38,0
19,38,0
20,38,0
21,38,0
22,38,0
23,38,0
24,38,0
25,38,0
0,40,5100
1,40,900
2,40,2610
3,40,3130
4,40,2550
5,40,0
6,40,0
7,40,0
8,40,0
9,40,0
10,40,0
11,40,0
12,40,0
13,40,0
14,40,0
15,40,0
16,40,0
17,40,0
18,40,0
19,40,0
20,40,0
21,40,0
22,40,0
23,40,0
24,40,0
25,40,0
0,42,4320
1,42,1650
2,42,1780
3,42,3370
4,42,2670
5,42,0
6,42,0
7,42,0
8,42,0
9,42,0
10,42,0
11,42,0
12,42,0
13,42,0
14,42,0
15,42,0
16,42,0
17,42,0
18,42,0
19,42,0
20,42,0
21,42,0
22,42,0
23,42,0
24,42,0
25,42,0
0,44,4510
1,44,2460
2,44,970
3,44,3670
4,44,2650
5,44,0
6,44,0
7,44,0
8,44,0
9,44,0
10,44,0
11,44,0
12,44,0
13,44,0
14,44,0
15,44,0
16,44,0
17,44,0
18,44,0
19,44,0
20,44,0
21,44,0
22,44,0
23,44,0
24,44,0
25,44,0
0,46,4170
1,46,3780
2,46,460
3,46,3480
4,46,2720
5,46,0
6,46,0
7,46,0
8,46,0
9,46,0
10,46,0
11,46,0
12,46,0
13,46,0
14,46,0
15,46,0
16,46,0
17,46,0
18,46,0
19,46,0
20,46,0
21,46,0
22,46,0
23,46,0
24,46,0
25,46,0
0,48,3880
1,48,4710
2,48,590
3,48,2940
4,48,2750
5,48,0
6,48,0
7,48,0
8,48,0
9,48,0
10,48,0
11,48,0
12,48,0
13,48,0
14,48,0
15,48,0
16,48,0
17,48,0
18,48,0
19,48,0
20,48,0
21,48,0
22,48,0
23,48,0
24,48,0
25,48,0
0,50,3670
1,50,4880
2,50,990
3,50,2370
4,50,2880
5,50,0
6,50,0
7,50,0
8,50,0
9,50,0
10,50,0
11,50,0
12,50,0
13,50,0
14,50,0
15,50,0
16,50,0
17,50,0
18,50,0
19,50,0
20,50,0
21,50,0
22,50,0
23,50,0
24,50,0
25,50,0
0,52,3380
1,52,4470
2,52,1670
3,52,1680
4,52,3140
5,52,0
6,52,0
7,52,0
8,52,0
9,52,0
10,52,0
11,52,0
12,52,0
13,52,0
14,52,0
15,52,0
16,52,0
17,52,0
18,52,0
19,52,0
20,52,0
21,52,0
22,52,0
23,52,0
24,52,0
25,52,0
0,54,3570
1,54,4440
2,54,2550
3,54,1070
4,54,3090
5,54,0
6,54,0
7,54,0
8,54,0
9,54,0
10,54,0
11,54,0
12,54,0
13,54,0
14,54,0
15,54,0
16,54,0
17,54,0
18,54,0
19,54,0
20,54,0
21,54,0
22,54,0
23,54,0
24,54,0
25,54,0
0,56,3810
1,56,4290
2,56,3330
3,56,840
4,56,2820
5,56,0
6,56,0
7,56,0
8,56,0
9,56,0
10,56,0
11,56,0
12,56,0
13,56,0
14,56,0
15,56,0
16,56,0
17,56,0
18,56,0
19,56,0
20,56,0
21,56,0
22,56,0
23,56,0
24,56,0
25,56,0
0,58,3990
1,58,4220
2,58,3950
3,58,920
4,58,2490
5,58,0
6,58,0
7,58,0
8,58,0
9,58,0
10,58,0
11,58,0
12,58,0
13,58,0
14,58,0
15,58,0
16,58,0
17,58,0
18,58,0
19,58,0
20,58,0
21,58,0
22,58,0
23,58,0
24,58,0
25,58,0
0,60,3960
1,60,3990
2,60,4330
3,60,1160
4,60,2140
5,60,0
6,60,0
7,60,0
8,60,0
9,60,0
10,60,0
11,60,0
12,60,0
13,60,0
14,60,0
15,60,0
16,60,0
17,60,0
18,60,0
19,60,0
20,60,0
21,60,0
22,60,0
23,60,0
24,60,0
25,60,0
0,62,3690
1,62,3670
2,62,4110
3,62,1870
4,62,1590
5,62,0
6,62,0
7,62,0
8,62,0
9,62,0
10,62,0
11,62,0
12,62,0
13,62,0
14,62,0
15,62,0
16,62,0
17,62,0
18,62,0
19,62,0
20,62,0
21,62,0
22,62,0
23,62,0
24,62,0
25,62,0
0,64,2890
1,64,3820
2,64,4050
3,64,2400
4,64,1230
5,64,0
6,64,0
7,64,0
8,64,0
9,64,0
10,64,0
11,64,0
12,64,0
13,64,0
14,64,0
15,64,0
16,64,0
17,64,0
18,64,0
19,64,0
20,64,0
21,64,0
22,64,0
23,64,0
24,64,0
25,64,0
0,66,1840
1,66,4040
2,66,4080
3,66,2930
4,66,1050
5,66,0
6,66,0
7,66,0
8,66,0
9,66,0
10,66,0
11,66,0
12,66,0
13,66,0
14,66,0
15,66,0
16,66,0
17,66,0
18,66,0
19,66,0
20,66,0
21,66,0
22,66,0
23,66,0
24,66,0
25,66,0
0,68,910
1,68,4150
2,68,4070
3,68,3470
4,68,1130
5,68,0
6,68,0
7,68,0
8,68,0
9,68,0
10,68,0
11,68,0
12,68,0
13,68,0
14,68,0
15,68,0
16,68,0
17,68,0
18,68,0
19,68,0
20,68,0
21,68,0
22,68,0
23,68,0
24,68,0
25,68,0
0,70,320
1,70,4160
2,70,3980
3,70,3690
4,70,1400
5,70,0
6,70,0
7,70,0
8,70,0
9,70,0
10,70,0
11,70,0
12,70,0
13,70,0
14,70,0
15,70,0
16,70,0
17,70,0
18,70,0
19,70,0
20,70,0
21,70,0
22,70,0
23,70,0
24,70,0
25,70,0
0,72,60
1,72,3930
2,72,3720
3,72,3680
4,72,1880
5,72,0
6,72,0
7,72,0
8,72,0
9,72,0
10,72,0
11,72,0
12,72,0
13,72,0
14,72,0
15,72,0
16,72,0
17,72,0
18,72,0
19,72,0
20,72,0
21,72,0
22,72,0
23,72,0
24,72,0
25,72,0
0,74,0
1,74,3350
2,74,3720
3,74,3740
4,74,2200
5,74,0
6,74,0
7,74,0
8,74,0
9,74,0
10,74,0
11,74,0
12,74,0
13,74,0
14,74,0
15,74,0
16,74,0
17,74,0
18,74,0
19,74,0
20,74,0
21,74,0
22,74,0
23,74,0
24,74,0
25,74,0
0,76,0
1,76,2510
2,76,3800
3,76,3880
4,76,2590
5,76,0
6,76,0
7,76,0
8,76,0
9,76,0
10,76,0
11,76,0
12,76,0
13,76,0
14,76,0
15,76,0
16,76,0
17,76,0
18,76,0
19,76,0
20,76,0
21,76,0
22,76,0
23,76,0
24,76,0
25,76,0
0,78,0
1,78,1680
2,78,3850
3,78,3900
4,78,3020
5,78,0
6,78,0
7,78,0
8,78,0
9,78,0
10,78,0
11,78,0
12,78,0
13,78,0
14,78,0
15,78,0
16,78,0
17,78,0
18,78,0
19,78,0
20,78,0
21,78,0
22,78,0
23,78,0
24,78,0
25,78,0
0,80,0
1,80,1030
2,80,3960
3,80,3890
4,80,3060
5,80,0
6,80,0
7,80,0
8,80,0
9,80,0
10,80,0
11,80,0
12,80,0
13,80,0
14,80,0
15,80,0
16,80,0
17,80,0
18,80,0
19,80,0
20,80,0
21,80,0
22,80,0
23,80,0
24,80,0
25,80,0
0,82,0
1,82,590
2,82,3810
3,82,3730
4,82,3220
5,82,0
6,82,0
7,82,0
8,82,0
9,82,0
10,82,0
11,82,0
12,82,0
13,82,0
14,82,0
15,82,0
16,82,0
17,82,0
18,82,0
19,82,0
20,82,0
21,82,0
22,82,0
23,82,0
24,82,0
25,82,0
0,84,0
1,84,290
2,84,3420
3,84,3750
4,84,3360
5,84,0
6,84,0
7,84,0
8,84,0
9,84,0
10,84,0
11,84,0
12,84,0
13,84,0
14,84,0
15,84,0
16,84,0
17,84,0
18,84,0
19,84,0
20,84,0
21,84,0
22,84,0
23,84,0
24,84,0
25,84,0
0,86,0
1,86,130
2,86,2990
3,86,3550
4,86,3560
5,86,0
6,86,0
7,86,0
8,86,0
9,86,0
10,86,0
11,86,0
12,86,0
13,86,0
14,86,0
15,86,0
16,86,0
17,86,0
18,86,0
19,86,0
20,86,0
21,86,0
22,86,0
23,86,0
24,86,0
25,86,0
0,88,0
1,88,40
2,88,2460
3,88,3570
4,88,3490
5,88,0
6,88,0
7,88,0
8,88,0
9,88,0
10,88,0
11,88,0
12,88,0
13,88,0
14,88,0
15,88,0
16,88,0
17,88,0
18,88,0
19,88,0
20,88,0
21,88,0
22,88,0
23,88,0
24,88,0
25,88,0
0,90,0
1,90,0
2,90,1740
3,90,3760
4,90,3460
5,90,0
6,90,0
7,90,0
8,90,0
9,90,0
10,90,0
11,90,0
12,90,0
13,90,0
14,90,0
15,90,0
16,90,0
17,90,0
18,90,0
19,90,0
20,90,0
21,90,0
22,90,0
23,90,0
24,90,0
25,90,0
0,92,0
1,92,0
2,92,1160
3,92,3670
4,92,3560
5,92,0
6,92,0
7,92,0
8,92,0
9,92,0
10,92,0
11,92,0
12,92,0
13,92,0
14,92,0
15,92,0
16,92,0
17,92,0
18,92,0
19,92,0
20,92,0
21,92,0
22,92,0
23,92,0
24,92,0
25,92,0
0,94,0
1,94,0
2,94,780
3,94,3380
4,94,3630
5,94,0
6,94,0
7,94,0
8,94,0
9,94,0
10,94,0
11,94,0
12,94,0
13,94,0
14,94,0
15,94,0
16,94,0
17,94,0
18,94,0
19,94,0
20,94,0
21,94,0
22,94,0
23,94,0
24,94,0
25,94,0
0,96,0
1,96,0
2,96,530
3,96,3010
4,96,3460
5,96,0
6,96,0
7,96,0
8,96,0
9,96,0
10,96,0
11,96,0
12,96,0
13,96,0
14,96,0
15,96,0
16,96,0
17,96,0
18,96,0
19,96,0
20,96,0
21,96,0
22,96,0
23,96,0
24,96,0
25,96,0
0,98,0
1,98,0
2,98,340
3,98,2730
4,98,3310
5,98,0
6,98,0
7,98,0
8,98,0
9,98,0
10,98,0
11,98,0
12,98,0
13,98,0
14,98,0
15,98,0
16,98,0
17,98,0
18,98,0
19,98,0
20,98,0
21,98,0
22,98,0
23,98,0
24,98,0
25,98,0
0,100,0
1,100,0
2,100,200
3,100,2340
4,100,3260
5,100,0
6,100,0
7,100,0
8,100,0
9,100,0
10,100,0
11,100,0
12,100,0
13,100,0
14,100,0
15,100,0
16,100,0
17,100,0
18,100,0
19,100,0
20,100,0
21,100,0
22,100,0
23,100,0
24,100,0
25,100,0
0,102,0
1,102,0
2,102,110
3,102,1800
4,102,3310
5,102,0
6,102,0
7,102,0
8,102,0
9,102,0
10,102,0
11,102,0
12,102,0
13,102,0
14,102,0
15,102,0
16,102,0
17,102,0
18,102,0
19,102,0
20,102,0
21,102,0
22,102,0
23,102,0
24,102,0
25,102,0
0,104,0
1,104,0
2,104,60
3,104,1310
4,104,3200
5,104,0
6,104,0
7,104,0
8,104,0
9,104,0
10,104,0
11,104,0
12,104,0
13,104,0
14,104,0
15,104,0
16,104,0
17,104,0
18,104,0
19,104,0
20,104,0
21,104,0
22,104,0
23,104,0
24,104,0
25,104,0
0,106,0
1,106,0
2,106,0
3,106,1050
4,106,2950
5,106,0
6,106,0
7,106,0
8,106,0
9,106,0
10,106,0
11,106,0
12,106,0
13,106,0
14,106,0
15,106,0
16,106,0
17,106,0
18,106,0
19,106,0
20,106,0
21,106,0
22,106,0
23,106,0
24,106,0
25,106,0
0,108,0
1,108,0
2,108,0
3,108,790
4,108,2650
5,108,0
6,108,0
7,108,0
8,108,0
9,108,0
10,108,0
11,108,0
12,108,0
13,108,0
14,108,0
15,108,0
16,108,0
17,108,0
18,108,0
19,108,0
20,108,0
21,108,0
22,108,0
23,108,0
24,108,0
25,108,0
0,110,0
1,110,0
2,110,0
3,110,560
4,110,2380
5,110,0
6,110,0
7,110,0
8,110,0
9,110,0
10,110,0
11,110,0
12,110,0
13,110,0
14,110,0
15,110,0
16,110,0
17,110,0
18,110,0
19,110,0
20,110,0
21,110,0
22,110,0
23,110,0
24,110,0
25,110,0
0,112,0
1,112,0
2,112,0
3,112,410
4,112,2050
5,112,0
6,112,0
7,112,0
8,112,0
9,112,0
10,112,0
11,112,0
12,112,0
13,112,0
14,112,0
15,112,0
16,112,0
17,112,0
18,112,0
19,112,0
20,112,0
21,112,0
22,112,0
23,112,0
24,112,0
25,112,0
0,114,0
1,114,0
2,114,0
3,114,270
4,114,1700
5,114,0
6,114,0
7,114,0
8,114,0
9,114,0
10,114,0
11,114,0
12,114,0
13,114,0
14,114,0
15,114,0
16,114,0
17,114,0
18,114,0
19,114,0
20,114,0
21,114,0
22,114,0
23,114,0
24,114,0
25,114,0
0,116,0
1,116,0
2,116,0
3,116,200
4,116,1400
5,116,0
6,116,0
7,116,0
8,116,0
9,116,0
10,116,0
11,116,0
12,116,0
13,116,0
14,116,0
15,116,0
16,116,0
17,116,0
18,116,0
19,116,0
20,116,0
21,116,0
22,116,0
23,116,0
24,116,0
25,116,0
0,118,0
1,118,0
2,118,0
3,118,120
4,118,1160
5,118,0
6,118,0
7,118,0
8,118,0
9,118,0
10,118,0
11,118,0
12,118,0
13,118,0
14,118,0
15,118,0
16,118,0
17,118,0
18,118,0
19,118,0
20,118,0
21,118,0
22,118,0
23,118,0
24,118,0
25,118,0
0,120,0
1,120,0
2,120,0
3,120,70
4,120,920
5,120,0
6,120,0
7,120,0
8,120,0
9,120,0
10,120,0
11,120,0
12,120,0
13,120,0
14,120,0
15,120,0
16,120,0
17,120,0
18,120,0
19,120,0
20,120,0
21,120,0
22,120,0
23,120,0
24,120,0
25,120,0
0,122,0
1,122,0
2,122,0
3,122,30
4,122,740
5,122,0
6,122,0
7,122,0
8,122,0
9,122,0
10,122,0
11,122,0
12,122,0
13,122,0
14,122,0
15,122,0
16,122,0
17,122,0
18,122,0
19,122,0
20,122,0
21,122,0
22,122,0
23,122,0
24,122,0
25,122,0
0,124,0
1,124,0
2,124,0
3,124,0
4,124,600
5,124,0
6,124,0
7,124,0
8,124,0
9,124,0
10,124,0
11,124,0
12,124,0
13,124,0
14,124,0
15,124,0
16,124,0
17,124,0
18,124,0
19,124,0
20,124,0
21,124,0
22,124,0
23,124,0
24,124,0
25,124,0
0,126,0
1,126,0
2,126,0
3,126,0
4,126,480
5,126,0
6,126,0
7,126,0
8,126,0
9,126,0
10,126,0
11,126,0
12,126,0
13,126,0
14,126,0
15,126,0
16,126,0
17,126,0
18,126,0
19,126,0
20,126,0
21,126,0
22,126,0
23,126,0
24,126,0
25,126,0
0,128,0
1,128,0
2,128,0
3,128,0
4,128,330
5,128,0
6,128,0
7,128,0
8,128,0
9,128,0
10,128,0
11,128,0
12,128,0
13,128,0
14,128,0
15,128,0
16,128,0
17,128,0
18,128,0
19,128,0
20,128,0
21,128,0
22,128,0
23,128,0
24,128,0
25,128,0
0,130,0
1,130,0
2,130,0
3,130,0
4,130,250
5,130,0
6,130,0
7,130,0
8,130,0
9,130,0
10,130,0
11,130,0
12,130,0
13,130,0
14,130,0
15,130,0
16,130,0
17,130,0
18,130,0
19,130,0
20,130,0
21,130,0
22,130,0
23,130,0
24,130,0
25,130,0
0,132,0
1,132,0
2,132,0
3,132,0
4,132,170
5,132,0
6,132,0
7,132,0
8,132,0
9,132,0
10,132,0
11,132,0
12,132,0
13,132,0
14,132,0
15,132,0
16,132,0
17,132,0
18,132,0
19,132,0
20,132,0
21,132,0
22,132,0
23,132,0
24,132,0
25,132,0
0,134,0
1,134,0
2,134,0
3,134,0
4,134,120
5,134,0
6,134,0
7,134,0
8,134,0
9,134,0
10,134,0
11,134,0
12,134,0
13,134,0
14,134,0
15,134,0
16,134,0
17,134,0
18,134,0
19,134,0
20,134,0
21,134,0
22,134,0
23,134,0
24,134,0
25,134,0
0,136,0
1,136,0
2,136,0
3,136,0
4,136,90
5,136,0
6,136,0
7,136,0
8,136,0
9,136,0
10,136,0
11,136,0
12,136,0
13,136,0
14,136,0
15,136,0
16,136,0
17,136,0
18,136,0
19,136,0
20,136,0
21,136,0
22,136,0
23,136,0
24,136,0
25,136,0
0,138,0
1,138,0
2,138,0
3,138,0
4,138,40
5,138,0
6,138,0
7,138,0
8,138,0
9,138,0
10,138,0
11,138,0
12,138,0
13,138,0
14,138,0
15,138,0
16,138,0
17,138,0
18,138,0
19,138,0
20,138,0
21,138,0
22,138,0
23,138,0
24,138,0
25,138,0
0,140,0
1,140,0
2,140,0
3,140,0
4,140,10
5,140,0
6,140,0
7,140,0
8,140,0
9,140,0
10,140,0
11,140,0
12,140,0
13,140,0
14,140,0
15,140,0
16,140,0
17,140,0
18,140,0
19,140,0
20,140,0
21,140,0
22,140,0
23,140,0
24,140,0
25,140,0
0,142,0
1,142,0
2,142,0
3,142,0
4,142,0
5,142,0
6,142,0
7,142,0
8,142,0
9,142,0
10,142,0
11,142,0
12,142,0
13,142,0
14,142,0
15,142,0
16,142,0
17,142,0
18,142,0
19,142,0
20,142,0
21,142,0
22,142,0
23,142,0
24,142,0
25,142,0
0,144,0
1,144,0
2,144,0
3,144,0
4,144,0
5,144,0
6,144,0
7,144,0
8,144,0
9,144,0
10,144,0
11,144,0
12,144,0
13,144,0
14,144,0
15,144,0
16,144,0
17,144,0
18,144,0
19,144,0
20,144,0
21,144,0
22,144,0
23,144,0
24,144,0
25,144,0
0,146,0
1,146,0
2,146,0
3,146,0
4,146,0
5,146,0
6,146,0
7,146,0
8,146,0
9,146,0
10,146,0
11,146,0
12,146,0
13,146,0
14,146,0
15,146,0
16,146,0
17,146,0
18,146,0
19,146,0
20,146,0
21,146,0
22,146,0
23,146,0
24,146,0
25,146,0
0,148,0
1,148,0
2,148,0
3,148,0
4,148,0
5,148,0
6,148,0
7,148,0
8,148,0
9,148,0
10,148,0
11,148,0
12,148,0
13,148,0
14,148,0
15,148,0
16,148,0
17,148,0
18,148,0
19,148,0
20,148,0
21,148,0
22,148,0
23,148,0
24,148,0
25,148,0
0,150,0
1,150,0
2,150,0
3,150,0
4,150,0
5,150,0
6,150,0
7,150,0
8,150,0
9,150,0
10,150,0
11,150,0
12,150,0
13,150,0
14,150,0
15,150,0
16,150,0
17,150,0
18,150,0
19,150,0
20,150,0
21,150,0
22,150,0
23,150,0
24,150,0
25,150,0
0,152,0
1,152,0
2,152,0
3,152,0
4,152,0
5,152,0
6,152,0
7,152,0
8,152,0
9,152,0
10,152,0
11,152,0
12,152,0
13,152,0
14,152,0
15,152,0
16,152,0
17,152,0
18,152,0
19,152,0
20,152,0
21,152,0
22,152,0
23,152,0
24,152,0
25,152,0
0,154,0
1,154,0
2,154,0
3,154,0
4,154,0
5,154,0
6,154,0
7,154,0
8,154,0
9,154,0
10,154,0
11,154,0
12,154,0
13,154,0
14,154,0
15,154,0
16,154,0
17,154,0
18,154,0
19,154,0
20,154,0
21,154,0
22,154,0
23,154,0
24,154,0
25,154,0
0,156,0
1,156,0
2,156,0
3,156,0
4,156,0
5,156,0
6,156,0
7,156,0
8,156,0
9,156,0
10,156,0
11,156,0
12,156,0
13,156,0
14,156,0
15,156,0
16,156,0
17,156,0
18,156,0
19,156,0
20,156,0
21,156,0
22,156,0
23,156,0
24,156,0
25,156,0
0,158,0
1,158,0
2,158,0
3,158,0
4,158,0
5,158,0
6,158,0
7,158,0
8,158,0
9,158,0
10,158,0
11,158,0
12,158,0
13,158,0
14,158,0
15,158,0
16,158,0
17,158,0
18,158,0
19,158,0
20,158,0
21,158,0
22,158,0
23,158,0
24,158,0
25,158,0
0,160,0
1,160,0
2,160,0
3,160,0
4,160,0
5,160,0
6,160,0
7,160,0
8,160,0
9,160,0
10,160,0
11,160,0
12,160,0
13,160,0
14,160,0
15,160,0
16,160,0
17,160,0
18,160,0
19,160,0
20,160,0
21,160,0
22,160,0
23,160,0
24,160,0
25,160,0
0,162,0
1,162,0
2,162,0
3,162,0
4,162,0
5,162,0
6,162,0
7,162,0
8,162,0
9,162,0
10,162,0
11,162,0
12,162,0
13,162,0
14,162,0
15,162,0
16,162,0
17,162,0
18,162,0
19,162,0
20,162,0
21,162,0
22,162,0
23,162,0
24,162,0
25,162,0
0,164,0
1,164,0
2,164,0
3,164,0
4,164,0
5,164,0
6,164,0
7,164,0
8,164,0
9,164,0
10,164,0
11,164,0
12,164,0
13,164,0
14,164,0
15,164,0
16,164,0
17,164,0
18,164,0
19,164,0
20,164,0
21,164,0
22,164,0
23,164,0
24,164,0
25,164,0
0,166,0
1,166,0
2,166,0
3,166,0
4,166,0
5,166,0
6,166,0
7,166,0
8,166,0
9,166,0
10,166,0
11,166,0
12,166,0
13,166,0
14,166,0
15,166,0
16,166,0
17,166,0
18,166,0
19,166,0
20,166,0
21,166,0
22,166,0
23,166,0
24,166,0
25,166,0
0,168,0
1,168,0
2,168,0
3,168,0
4,168,0
5,168,0
6,168,0
7,168,0
8,168,0
9,168,0
10,168,0
11,168,0
12,168,0
13,168,0
14,168,0
15,168,0
16,168,0
17,168,0
18,168,0
19,168,0
20,168,0
21,168,0
22,168,0
23,168,0
24,168,0
25,168,0
0,170,0
1,170,0
2,170,0
3,170,0
4,170,0
5,170,0
6,170,0
7,170,0
8,170,0
9,170,0
10,170,0
11,170,0
12,170,0
13,170,0
14,170,0
15,170,0
16,170,0
17,170,0
18,170,0
19,170,0
20,170,0
21,170,0
22,170,0
23,170,0
24,170,0
25,170,0
0,172,0
1,172,0
2,172,0
3,172,0
4,172,0
5,172,0
6,172,0
7,172,0
8,172,0
9,172,0
10,172,0
11,172,0
12,172,0
13,172,0
14,172,0
15,172,0
16,172,0
17,172,0
18,172,0
19,172,0
20,172,0
21,172,0
22,172,0
23,172,0
24,172,0
25,172,0
0,174,0
1,174,0
2,174,0
3,174,0
4,174,0
5,174,0
6,174,0
7,174,0
8,174,0
9,174,0
10,174,0
11,174,0
12,174,0
13,174,0
14,174,0
15,174,0
16,174,0
17,174,0
18,174,0
19,174,0
20,174,0
21,174,0
22,174,0
23,174,0
24,174,0
25,174,0
0,176,0
1,176,0
2,176,0
3,176,0
4,176,0
5,176,0
6,176,0
7,176,0
8,176,0
9,176,0
10,176,0
11,176,0
12,176,0
13,176,0
14,176,0
15,176,0
16,176,0
17,176,0
18,176,0
19,176,0
20,176,0
21,176,0
22,176,0
23,176,0
24,176,0
25,176,0
0,178,0
1,178,0
2,178,0
3,178,0
4,178,0
5,178,0
6,178,0
7,178,0
8,178,0
9,178,0
10,178,0
11,178,0
12,178,0
13,178,0
14,178,0
15,178,0
16,178,0
17,178,0
18,178,0
19,178,0
20,178,0
21,178,0
22,178,0
23,178,0
24,178,0
25,178,0
0,180,0
1,180,0
2,180,0
3,180,0
4,180,0
5,180,0
6,180,0
7,180,0
8,180,0
9,180,0
10,180,0
11,180,0
12,180,0
13,180,0
14,180,0
15,180,0
16,180,0
17,180,0
18,180,0
19,180,0
20,180,0
21,180,0
22,180,0
23,180,0
24,180,0
25,180,0
0,182,0
1,182,0
2,182,0
3,182,0
4,182,0
5,182,0
6,182,0
7,182,0
8,182,0
9,182,0
10,182,0
11,182,0
12,182,0
13,182,0
14,182,0
15,182,0
16,182,0
17,182,0
18,182,0
19,182,0
20,182,0
21,182,0
22,182,0
23,182,0
24,182,0
25,182,0
0,184,0
1,184,0
2,184,0
3,184,0
4,184,0
5,184,0
6,184,0
7,184,0
8,184,0
9,184,0
10,184,0
11,184,0
12,184,0
13,184,0
14,184,0
15,184,0
16,184,0
17,184,0
18,184,0
19,184,0
20,184,0
21,184,0
22,184,0
23,184,0
24,184,0
25,184,0
0,186,0
1,186,0
2,186,0
3,186,0
4,186,0
5,186,0
6,186,0
7,186,0
8,186,0
9,186,0
10,186,0
11,186,0
12,186,0
13,186,0
14,186,0
15,186,0
16,186,0
17,186,0
18,186,0
19,186,0
20,186,0
21,186,0
22,186,0
23,186,0
24,186,0
25,186,0
0,188,0
1,188,0
2,188,0
3,188,0
4,188,0
5,188,0
6,188,0
7,188,0
8,188,0
9,188,0
10,188,0
11,188,0
12,188,0
13,188,0
14,188,0
15,188,0
16,188,0
17,188,0
18,188,0
19,188,0
20,188,0
21,188,0
22,188,0
23,188,0
24,188,0
25,188,0
0,190,0
1,190,0
2,190,0
3,190,0
4,190,0
5,190,0
6,190,0
7,190,0
8,190,0
9,190,0
10,190,0
11,190,0
12,190,0
13,190,0
14,190,0
15,190,0
16,190,0
17,190,0
18,190,0
19,190,0
20,190,0
21,190,0
22,190,0
23,190,0
24,190,0
25,190,0
0,192,0
1,192,0
2,192,0
3,192,0
4,192,0
5,192,0
6,192,0
7,192,0
8,192,0
9,192,0
10,192,0
11,192,0
12,192,0
13,192,0
14,192,0
15,192,0
16,192,0
17,192,0
18,192,0
19,192,0
20,192,0
21,192,0
22,192,0
23,192,0
24,192,0
25,192,0
0,194,0
1,194,0
2,194,0
3,194,0
4,194,0
5,194,0
6,194,0
7,194,0
8,194,0
9,194,0
10,194,0
11,194,0
12,194,0
13,194,0
14,194,0
15,194,0
16,194,0
17,194,0
18,194,0
19,194,0
20,194,0
21,194,0
22,194,0
23,194,0
24,194,0
25,194,0
0,196,0
1,196,0
2,196,0
3,196,0
4,196,0
5,196,0
6,196,0
7,196,0
8,196,0
9,196,0
10,196,0
11,196,0
12,196,0
13,196,0
14,196,0
15,196,0
16,196,0
17,196,0
18,196,0
19,196,0
20,196,0
21,196,0
22,196,0
23,196,0
24,196,0
25,196,0
0,198,0
1,198,0
2,198,0
3,198,0
4,198,0
5,198,0
6,198,0
7,198,0
8,198,0
9,198,0
10,198,0
11,198,0
12,198,0
13,198,0
14,198,0
15,198,0
16,198,0
17,198,0
18,198,0
19,198,0
20,198,0
21,198,0
22,198,0
23,198,0
24,198,0
25,198,0
0,200,0
1,200,0
2,200,0
3,200,0
4,200,0
5,200,0
6,200,0
7,200,0
8,200,0
9,200,0
10,200,0
11,200,0
12,200,0
13,200,0
14,200,0
15,200,0
16,200,0
17,200,0
18,200,0
19,200,0
20,200,0
21,200,0
22,200,0
23,200,0
24,200,0
25,200,0
0,202,0
1,202,0
2,202,0
3,202,0
4,202,0
5,202,0
6,202,0
7,202,0
8,202,0
9,202,0
10,202,0
11,202,0
12,202,0
13,202,0
14,202,0
15,202,0
16,202,0
17,202,0
18,202,0
19,202,0
20,202,0
21,202,0
22,202,0
23,202,0
24,202,0
25,202,0
0,204,0
1,204,0
2,204,0
3,204,0
4,204,0
5,204,0
6,204,0
7,204,0
8,204,0
9,204,0
10,204,0
11,204,0
12,204,0
13,204,0
14,204,0
15,204,0
16,204,0
17,204,0
18,204,0
19,204,0
20,204,0
21,204,0
22,204,0
23,204,0
24,204,0
25,204,0
0,206,0
1,206,0
2,206,0
3,206,0
4,206,0
5,206,0
6,206,0
7,206,0
8,206,0
9,206,0
10,206,0
11,206,0
12,206,0
13,206,0
14,206,0
15,206,0
16,206,0
17,206,0
18,206,0
19,206,0
20,206,0
21,206,0
22,206,0
23,206,0
24,206,0
25,206,0
0,208,0
1,208,0
2,208,0
3,208,0
4,208,0
5,208,0
6,208,0
7,208,0
8,208,0
9,208,0
10,208,0
11,208,0
12,208,0
13,208,0
14,208,0
15,208,0
16,208,0
17,208,0
18,208,0
19,208,0
20,208,0
21,208,0
22,208,0
23,208,0
24,208,0
25,208,0
0,210,0
1,210,0
2,210,0
3,210,0
4,210,0
5,210,0
6,210,0
7,210,0
8,210,0
9,210,0
10,210,0
11,210,0
12,210,0
13,210,0
14,210,0
15,210,0
16,210,0
17,210,0
18,210,0
19,210,0
20,210,0
21,210,0
22,210,0
23,210,0
24,210,0
25,210,0
0,212,0
1,212,0
2,212,0
3,212,0
4,212,0
5,212,0
6,212,0
7,212,0
8,212,0
9,212,0
10,212,0
11,212,0
12,212,0
13,212,0
14,212,0
15,212,0
16,212,0
17,212,0
18,212,0
19,212,0
20,212,0
21,212,0
22,212,0
23,212,0
24,212,0
25,212,0
0,214,0
1,214,0
2,214,0
3,214,0
4,214,0
5,214,0
6,214,0
7,214,0
8,214,0
9,214,0
10,214,0
11,214,0
12,214,0
13,214,0
14,214,0
15,214,0
16,214,0
17,214,0
18,214,0
19,214,0
20,214,0
21,214,0
22,214,0
23,214,0
24,214,0
25,214,0
0,216,0
1,216,0
2,216,0
3,216,0
4,216,0
5,216,0
6,216,0
7,216,0
8,216,0
9,216,0
10,216,0
11,216,0
12,216,0
13,216,0
14,216,0
15,216,0
16,216,0
17,216,0
18,216,0
19,216,0
20,216,0
21,216,0
22,216,0
23,216,0
24,216,0
25,216,0
0,218,0
1,218,0
2,218,0
3,218,0
4,218,0
5,218,0
6,218,0
7,218,0
8,218,0
9,218,0
10,218,0
11,218,0
12,218,0
13,218,0
14,218,0
15,218,0
16,218,0
17,218,0
18,218,0
19,218,0
20,218,0
21,218,0
22,218,0
23,218,0
24,218,0
25,218,0
0,220,0
1,220,0
2,220,0
3,220,0
4,220,0
5,220,0
6,220,0
7,220,0
8,220,0
9,220,0
10,220,0
11,220,0
12,220,0
13,220,0
14,220,0
15,220,0
16,220,0
17,220,0
18,220,0
19,220,0
20,220,0
21,220,0
22,220,0
23,220,0
24,220,0
25,220,0
0,222,0
1,222,0
2,222,0
3,222,0
4,222,0
5,222,0
6,222,0
7,222,0
8,222,0
9,222,0
10,222,0
11,222,0
12,222,0
13,222,0
14,222,0
15,222,0
16,222,0
17,222,0
18,222,0
19,222,0
20,222,0
21,222,0
22,222,0
23,222,0
24,222,0
25,222,0
0,224,0
1,224,0
2,224,0
3,224,0
4,224,0
5,224,0
6,224,0
7,224,0
8,224,0
9,224,0
10,224,0
11,224,0
12,224,0
13,224,0
14,224,0
15,224,0
16,224,0
17,224,0
18,224,0
19,224,0
20,224,0
21,224,0
22,224,0
23,224,0
24,224,0
25,224,0
0,226,0
1,226,0
2,226,0
3,226,0
4,226,0
5,226,0
6,226,0
7,226,0
8,226,0
9,226,0
10,226,0
11,226,0
12,226,0
13,226,0
14,226,0
15,226,0
16,226,0
17,226,0
18,226,0
19,226,0
20,226,0
21,226,0
22,226,0
23,226,0
24,226,0
25,226,0
0,228,0
1,228,0
2,228,0
3,228,0
4,228,0
5,228,0
6,228,0
7,228,0
8,228,0
9,228,0
10,228,0
11,228,0
12,228,0
13,228,0
14,228,0
15,228,0
16,228,0
17,228,0
18,228,0
19,228,0
20,228,0
21,228,0
22,228,0
23,228,0
24,228,0
25,228,0
0,230,0
1,230,0
2,230,0
3,230,0
4,230,0
5,230,0
6,230,0
7,230,0
8,230,0
9,230,0
10,230,0
11,230,0
12,230,0
13,230,0
14,230,0
15,230,0
16,230,0
17,230,0
18,230,0
19,230,0
20,230,0
21,230,0
22,230,0
23,230,0
24,230,0
25,230,0
0,232,0
1,232,0
2,232,0
3,232,0
4,232,0
5,232,0
6,232,0
7,232,0
8,232,0
9,232,0
10,232,0
11,232,0
12,232,0
13,232,0
14,232,0
15,232,0
16,232,0
17,232,0
18,232,0
19,232,0
20,232,0
21,232,0
22,232,0
23,232,0
24,232,0
25,232,0
0,234,0
1,234,0
2,234,0
3,234,0
4,234,0
5,234,0
6,234,0
7,234,0
8,234,0
9,234,0
10,234,0
11,234,0
12,234,0
13,234,0
14,234,0
15,234,0
16,234,0
17,234,0
18,234,0
19,234,0
20,234,0
21,234,0
22,234,0
23,234,0
24,234,0
25,234,0
0,236,0
1,236,0
2,236,0
3,236,0
4,236,0
5,236,0
6,236,0
7,236,0
8,236,0
9,236,0
10,236,0
11,236,0
12,236,0
13,236,0
14,236,0
15,236,0
16,236,0
17,236,0
18,236,0
19,236,0
20,236,0
21,236,0
22,236,0
23,236,0
24,236,0
25,236,0
0,238,0
1,238,0
2,238,0
3,238,0
4,238,0
5,238,0
6,238,0
7,238,0
8,238,0
9,238,0
10,238,0
11,238,0
12,238,0
13,238,0
14,238,0
15,238,0
16,238,0
17,238,0
18,238,0
19,238,0
20,238,0
21,238,0
22,238,0
23,238,0
24,238,0
25,238,0
0,240,0
1,240,0
2,240,0
3,240,0
4,240,0
5,240,0
6,240,0
7,240,0
8,240,0
9,240,0
10,240,0
11,240,0
12,240,0
13,240,0
14,240,0
15,240,0
16,240,0
17,240,0
18,240,0
19,240,0
20,240,0
21,240,0
22,240,0
23,240,0
24,240,0
25,240,0
0,242,0
1,242,0
2,242,0
3,242,0
4,242,0
5,242,0
6,242,0
7,242,0
8,242,0
9,242,0
10,242,0
11,242,0
12,242,0
13,242,0
14,242,0
15,242,0
16,242,0
17,242,0
18,242,0
19,242,0
20,242,0
21,242,0
22,242,0
23,242,0
24,242,0
25,242,0
0,244,0
1,244,0
2,244,0
3,244,0
4,244,0
5,244,0
6,244,0
7,244,0
8,244,0
9,244,0
10,244,0
11,244,0
12,244,0
13,244,0
14,244,0
15,244,0
16,244,0
17,244,0
18,244,0
19,244,0
20,244,0
21,244,0
22,244,0
23,244,0
24,244,0
25,244,0
0,246,0
1,246,0
2,246,0
3,246,0
4,246,0
5,246,0
6,246,0
7,246,0
8,246,0
9,246,0
10,246,0
11,246,0
12,246,0
13,246,0
14,246,0
15,246,0
16,246,0
17,246,0
18,246,0
19,246,0
20,246,0
21,246,0
22,246,0
23,246,0
24,246,0
25,246,0
0,248,0
1,248,0
2,248,0
3,248,0
4,248,0
5,248,0
6,248,0
7,248,0
8,248,0
9,248,0
10,248,0
11,248,0
12,248,0
13,248,0
14,248,0
15,248,0
16,248,0
17,248,0
18,248,0
19,248,0
20,248,0
21,248,0
22,248,0
23,248,0
24,248,0
25,248,0
0,250,0
1,250,0
2,250,0
3,250,0
4,250,0
5,250,0
6,250,0
7,250,0
8,250,0
9,250,0
10,250,0
11,250,0
12,250,0
13,250,0
14,250,0
15,250,0
16,250,0
17,250,0
18,250,0
19,250,0
20,250,0
21,250,0
22,250,0
23,250,0
24,250,0
25,250,0
